Games,Year,Season,City
1992 Summer,1992,Summer,Barcelona
2012 Summer,2012,Summer,London
1920 Summer,1920,Summer,Antwerpen
1900 Summer,1900,Summer,Paris
1988 Winter,1988,Winter,Calgary
1992 Winter,1992,Winter,Albertville
1994 Winter,1994,Winter,Lillehammer
1932 Summer,1932,Summer,Los Angeles
2002 Winter,2002,Winter,Salt Lake City
1952 Summer,1952,Summer,Helsinki
1980 Winter,1980,Winter,Lake Placid
2000 Summer,2000,Summer,Sydney
1996 Summer,1996,Summer,Atlanta
1912 Summer,1912,Summer,Stockholm
1924 Summer,1924,Summer,Paris
2014 Winter,2014,Winter,Sochi
1948 Summer,1948,Summer,London
1998 Winter,1998,Winter,Nagano
2006 Winter,2006,Winter,Torino
2008 Summer,2008,Summer,Beijing
2016 Summer,2016,Summer,Rio de Janeiro
2004 Summer,2004,Summer,Athina
1960 Winter,1960,Winter,Squaw Valley
1964 Winter,1964,Winter,Innsbruck
1984 Winter,1984,Winter,Sarajevo
1984 Summer,1984,Summer,Los Angeles
1968 Summer,1968,Summer,Mexico City
1972 Summer,1972,Summer,Munich
1988 Summer,1988,Summer,Seoul
1936 Summer,1936,Summer,Berlin
1952 Winter,1952,Winter,Oslo
1956 Winter,1956,Winter,Cortina d'Ampezzo
1956 Summer,1956,Summer,Melbourne
1960 Summer,1960,Summer,Roma
1928 Summer,1928,Summer,Amsterdam
1976 Summer,1976,Summer,Montreal
1980 Summer,1980,Summer,Moskva
1964 Summer,1964,Summer,Tokyo
2010 Winter,2010,Winter,Vancouver
1968 Winter,1968,Winter,Grenoble
1906 Summer,1906,Summer,Athina
1972 Winter,1972,Winter,Sapporo
1976 Winter,1976,Winter,Innsbruck
1924 Winter,1924,Winter,Chamonix
1904 Summer,1904,Summer,St. Louis
1928 Winter,1928,Winter,Sankt Moritz
1908 Summer,1908,Summer,London
1948 Winter,1948,Winter,Sankt Moritz
1932 Winter,1932,Winter,Lake Placid
1936 Winter,1936,Winter,Garmisch-Partenkirchen
1896 Summer,1896,Summer,Athina
1956 Summer,1956,Summer,Stockholm
2002 Winter,2002,Winter,
